Sorszám	Születési dátum és idő	Születési hely	Munkaterületek, hivatások, vállalkozás típusok	Becenév (nem kötelező)
1	1809.02.12. 18:37	Hotgenville (Long: 85 fok 44 p W Lat: 37 fok 34 p N)	Elnök	Abraham Lincoln
2	2002.06.09. 13:54:54	Budapest	Pszichológiai tanulmányok	Nő
3	1999.07.16. 15:49:07	Miskolc	Orvosi tanulmányok	Nő
4	2000.01.25. 21:19:41	Kistarcsa	Kereskedelem	Nő
5	1996.11.16. 14:30:00	Budapest	Katonai pálya	Nő
6	1968.11.29. 21:25:50	Budapest	Katona, nyomozó, városüzemeltetésnél igazgatóhelyettes, politikai pálya	Férfi
7	1972.07.21. 21:49:08	Budapest	Coach tanácsadó	Nő
8	1990.09.01. 19:00:02	Szikszó	Fotós	Férfi
9	1877.11.22. 18:00:00	Érmindszent, Erdély (Long: 20fok 0p E Lat:47fok 0p N)	Költő	Ady Endre
10	1975.02.10. 9:45:10	Budapest	Bolti eladó, kereskedelmi vállalkozó	Nő
11	1972.12.16. 8:44:55	Budapest	Kereskedelmi vállalkozó	Férfi
12	1486.09.14. 3:47:00	Köln	Tudós, misztikus	Agrippa Nattesheim
13	1935.11.08. 3:20:43	Seeaux (Long: 0fok 35p E Lat:48fok 06p N)	Színész	Alain Denon
14	1991.09.30. 23:45:00	Miskolc	Szabadúszó 	Nő
15	1996.09.01. 4:15:04	Budapest	Szállodai kereskedelem és marketing	Férfi
16	1976.07.24. 3:29:49	Sajószentpéter 	Rendőr	Férfi
17	1970.06.16. 21:15:34	Sátoraljaújhely 	Tanítónő	Nő
18	1935.08.01. 4:25:00	Budapest	Riporter, zongoraművész 	Antal Imre
19	1956.08.13. 23:58:06	Szerencs	Vallási segítő, gyógyító, kártya vető, theta healing szakember	Nő
20	1990.04.18. 20:37:50	Miskolc	Gyógytornász, egyetemi tanár	Nő
21	1962.06.27. 14:10:00	Szerencs	Történelem tanár	Nő
22	1999.01.18. 13:00:10	Miskolc 	Hivatásos sportoló (kosárlabda)	Férfi
23	1991.07.11. 16:45:01	Miskolc	Szakács	Férfi
24	1973.02.24. 11:12:28	Miskolc	Néptánc tanár, Pék	Nő
25	1978.01.18. 11:12:46	Szentes	Angol tanár (ált. Iskola)	Nő
26	1989.10.18. 0:44:40	Budapest	Pultos, külföldön szállodai alkalmazott, könyvelő	Nő
27	1890.06.24. 15:36:00	Dunaharaszti	Asztrológus, orientalista	Dr. Baktay Ervin
28	1554.10.20. 9:32:00	Zólyom 	Költő, katona	Ballasi Bálint
29	1977.01.19. 5:46:10	Miskolc	Tűzoltó, pszichotronika	Férfi
30	1979.11.08. 15:37:38	Miskolc	Polgármesteri hivatali ügyintéző	Nő
31	1985.07.19. 6:43:00	Miskolc	Cukrász	Nő
32	1986.12.20. 8:07:32	Miskolc 	Borászatban adminisztrátor 	Nő
33	1954.10.21. 23:35:29	Budapest	Iparjogi ügyintéző	Nő
34	1967.01.18. 0:03:17	Debrecen	Beteg gondozó	Nő
35	1954.03.07. 21:19:45	Legyesbénye	Géplakatos 	Férfi
36	1969.06.11. 16:16:24	Budapest	Kereskedelmi asszisztens 	Nő
37	1980.12.28. 18:00:09	Miskolc	Mezőgazdasági gép értékesítő, mezőgazdasági mérnök	Férfi
38	1983.04.02. 17:02:24	Miskolc	Szociális munkás, alapítvány vezető	Nő
39	1970.07.04. 21:02:00	Budapest	Ügyvéd	Férfi
40	1949.03.26. 11:59:57	Csongrád	Ruhabolt tulajdonos és eladó, vállalkozó	Nő
41	1968.09.03. 23:26:57	Csongrád 	Vállalkozó, ruhabolt tulajdonos	Nő
42	1981.03.20. 22:37:25	Mezőkövesd	Lakberendező	Nő
43	1968.02.17. 13:02:06	Miskolc	Építőipari vállalkozó	Férfi
44	1987.03.17. 9:46:36	Szolnok	Au pair, tanító, logisztikus	Nő
45	1939.08.02. 17:00:00	Budapest	Természetgyógyász 	Béky László
46	1938.09.22. 12:22:22	Budapest	Asztrológus 	Belcsák Sándor
47	1993.11.25. 13:35:09	Sátoraljaújhely 	Közigazgatás: Nemzetközi nyugdíj ügyek elbírálása	Nő
48	1984.03.09. 11:58:20	Miskolc	Villamossági boltban alkalmazott	Nő
49
50
51
52
53
54
55
56
57
58
59
60
61
62
63
64
65
66
67
68
69
70
71
72
73
74
75
76
77
78
79
80
81
82
83
84
85
86
87
88
89
90
91
92
93
94
95
96
97
98
99
100
101
102
103
104
105
106
107
108
109
110
111
112
113
114
115
116
117
118
119
120
121
122
123
124
125
126
127
128
129
130
131
132
133
134
135
136
137
138
139
140
141
142
143
144
145
146
147
148
149
150
151
152
153
154
155
156
157
158
159
160
161
162
163
164
165
166
167
168
169
170
171
172
173
174
175
176
177
178
179
180
181
182
183
184
185
186
187
188
189
190
191
192
193
194
195
196
197
198
199
200
201
202
203
204
205
206
207
208
209
210
211
212
213
214
215
216
217
218
219
220
221
222
223
224
225
226
227
228
229
230
231
232
233
234
235
236
237
238
239
240
241
242
243
244
245
246
247
248
249
250
251
252
253
254
255
256
257
258
259
260
261
262
263
264
265
266
267
268
269
270
271
272
273
274
275
276
277
278
279
280
281
282
283
284
285
286
287
288
289
290
291
292
293
294
295
296
297
298
299
300
301
302
303
304
305
306
307
308
309
310
311
312
313
314
315
316
317
318
319
320
321
322
323
324
325
326
327
328
329
330
331
332
333
334
335
336
337
338
339
340
341
342
343
344
345
346
347
348
349
350
351
352
353
354
355
356
357
358
359
360
361
362
363
364
365
366
367
368
369
370
371
372
373
374
375
376
377
378
379
380
381
382
383
384
385
386
387
388
389
390
391
392
393
394
395
396
397
398
399
400
401
402
403
404
405
406
407
408
409
410
411
412
413
414
415
416
417
418
419
420
421
422
423
424
425
426
427
428
429
430
431
432
433
434
435
436
437
438
439
440
441
442
443
444
445
446
447
448
449
450
451
452
453
454
455
456
457
458
459
460
461
462
463
464
465
466
467
468
469
470
471
472
473
474
475
476
477
478
479
480
481
482
483
484
485
486
487
488
489
490
491
492
493
494
495
496
497
498
499
500
501
502
503
504
505
506
507
508
509
510
511
512
513
514
515
516
517
518
519
520
521
522
523
524
525
526
527
528
529
530
531
532
533
534
535
536
537
538
539
540
541
542
543
544
545
546
547
548
549
550
551
552
553
554
555
556
557
558
559
560
561
562
563
564
565
566
567
568
569
570
571
572
573
574
575
576
577
578
579
580
581
582
583
584
585
586
587
588
589
590
591
592
593
594
595
596
597
598
599
600
601
602
603
604
605
606
607
608
609
610
611
612
613
614
615
616
617
618
619
620
621
622
623
624
625
626
627
628
629
630
631
632
633
634
635
636
637
638
639
640
641
642
643
644
645
646
647
648
649
650
651
652
653
654
655
656
657
658
659
660
661
662
663
664
665
666
667
668
669
670
671
672
673
674
675
676
677
678
679
680
681
682
683
684
685
686
687
688
689
690
691
692
693
694
695
696
697
698
699
700
701
702
703
704
705
706
707
708
709
710
711
712
713
714
715
716
717
718
719
720
721
722
723
724
725
726
727
728
729
730
731
732
733
734
735
736
737
738
739
740
741
742
743
744
745
746
747
748
749
750
751
752
753
754
755
756
757
758
759
760
761
762
763
764
765
766
767
768
769
770
771
772
773
774
775
776
777
778
779
780
781
782
783
784
785
786
787
788
789
790
791
792
793
794
795
796
797
798
799
800
801
802
803
804
805
806
807
808
809
810
811
812
813
814
815
816
817
818
819
820
821
822
823
824
825
826
827
828
829
830
831
832
833
834
835
836
837
838
839
840
841
842
843
844
845
846
847
848
849
850
851
852
853
854
855
856
857
858
859
860
861
862
863
864
865
866
867
868
869
870
871
872
873
874
875
876
877
878
879
880
881
882
883
884
885
886
887
888
889
890
891
892
893
894
895
896
897
898
899
900
901
902
903
904
905
906
907
908
909
910
911
912
913
914
915
916
917
918
919
920
921
922
923
924
925
926
927
928
929
930
931
932
933
934
935
936
937
938
939
940
941
942
943
944
945
946
947
948
949
950
951
952
953
954
955
956
957
958
959
960
961
962
963
964
965
966
967
968
969
970
971
972
973
974
975
976
977
978
979
980
981
982
983
984
985
986
987
988
989
990
991
992
993
994
995
996
997
998
